sbert_name,dataset,model,BAAI_bge-base-en-v1.5,BAAI_bge-base-en-v1.5,Qwen_Qwen3-Embedding-0.6B,Qwen_Qwen3-Embedding-0.6B,sentence-transformers_all-MiniLM-L6-v2,sentence-transformers_all-MiniLM-L6-v2
,,,ndcg@20,recall@20,ndcg@20,recall@20,ndcg@20,recall@20
0,Automotive,sbert,0.004106725758119781,0.00884513271319557,0.002928270082424942,0.00616284582359793,0.004593103675898324,0.00991804164505114
1,Automotive,dae,0.008339544580302005,0.016887267837954332,0.00620274094302566,0.012635074370822404,0.008450902428233086,0.01662941043467429
2,Automotive,vae,0.011936973071312414,0.024041978883352164,0.009215048060763065,0.018054334882318945,0.011170307226877493,0.021707697119445268
3,Automotive,sae,0.01154360564337569,0.023392698434169468,0.009215304832883447,0.017947799571872026,0.010937799131939709,0.020891382049497784
4,Automotive,dsae,0.011942676340876418,0.0241452429605043,0.009679108507737521,0.018563900084294947,0.010845891896780075,0.020785346545340318
5,Baby_Products,sbert,0.004003178883704431,0.009776941347737806,0.003720255312878992,0.009061776762193212,0.003782113318195215,0.009852067939001828
6,Baby_Products,dae,0.009360863916908073,0.021178600416982413,0.008096792516336678,0.01808782428352018,0.007569948325203549,0.01764028512987388
7,Baby_Products,vae,0.011788303062988597,0.026771873127109512,0.00968027088270572,0.0219910761329175,0.010561235322648858,0.023399056058596546
8,Baby_Products,sae,0.013553393702143054,0.0297225042531701,0.01203914174393913,0.02660003984284662,0.012256918559185141,0.027849536557595807
9,Baby_Products,dsae,0.013178660847185815,0.03051329312083654,0.011974639838640918,0.026171601371722045,0.01191744215631994,0.027562490170743446
10,Beauty_and_Personal_Care,sbert,0.005167742075583532,0.01073205185367364,0.002489510921823202,0.005467462123886772,0.00427880690121095,0.00928281720025598
11,Beauty_and_Personal_Care,dae,0.009430952673671188,0.0188567446165343,0.006108483655336003,0.012880453788829405,0.009267836057658128,0.018808777606015344
12,Beauty_and_Personal_Care,vae,0.014800599551913618,0.02954828919469065,0.010694587398988892,0.021581700097752888,0.012949374700987564,0.026046507136246618
13,Beauty_and_Personal_Care,sae,0.015353537276434194,0.03120204885566988,0.011418359414325525,0.023035227314793138,0.012763317731461235,0.02546856298993129
14,Beauty_and_Personal_Care,dsae,0.014952254175840443,0.030449261804971806,0.011295104668520682,0.022750350416559602,0.013182313998174603,0.026356683888532368
20,Clothing_Shoes_and_Jewelry,sbert,0.001468560511002007,0.0031423353696079463,0.0012558135956328457,0.0026478931547832428,0.0014040126366860256,0.003010052081831477
21,Clothing_Shoes_and_Jewelry,dae,0.003898145979924068,0.008039072005979895,0.003391184688016943,0.006967094040515304,0.0039737678325506955,0.008099802935750878
22,Clothing_Shoes_and_Jewelry,vae,0.006563537536481197,0.01307326569622131,0.005619797701452392,0.011020183411479567,0.0058180776401705,0.011569435299298558
23,Clothing_Shoes_and_Jewelry,sae,0.006465640771390212,0.012964278859495677,0.006071774129191945,0.011930924160508479,0.00543697152221095,0.010882756961983327
24,Clothing_Shoes_and_Jewelry,dsae,0.006344850286691089,0.012735917750192704,0.005988470451716992,0.011690505407540505,0.005408427079452134,0.010699754533141786
25,Electronics,sbert,0.001961571936666712,0.004404378778931025,0.0011175359171173684,0.0024081141355554213,0.0017849271120127304,0.0038524171192912205
26,Electronics,dae,0.005036462931981243,0.010558819764985882,0.003091413955003679,0.006752974473197454,0.004073153087501507,0.008456034691294892
27,Electronics,vae,0.007334323141109815,0.015174867147838339,0.005384481803367326,0.011226998638035715,0.005679955805260118,0.01172797457641261
28,Electronics,sae,0.008133842895385223,0.016784454255643268,0.005798001271195879,0.012185946478269167,0.005409361048060316,0.011058709357528475
29,Electronics,dsae,0.007869777804049446,0.01619792610301167,0.0056566878268825135,0.011953654831740086,0.0055579763417294625,0.011549671368901686
30,GoodBooks10k,sbert,0.03760042429781145,0.045708379858741176,0.05978385676447922,0.07213978243150677,0.019691013349468763,0.027027837024949312
31,GoodBooks10k,dae,0.08549705543664309,0.10210569271485077,0.09272037269614464,0.11015042423290905,0.07358341306250721,0.09086734836312618
32,GoodBooks10k,vae,0.1039532527107943,0.1276184583872565,0.12679874953842704,0.15112662961932372,0.09598028393983844,0.11555368675312777
33,GoodBooks10k,sae,0.13855161048307488,0.16735930274488203,0.1452321587952278,0.17135282750028752,0.10024273994562327,0.1321434399781715
34,GoodBooks10k,dsae,0.14919505270829678,0.17916005962204729,0.14977587240269044,0.17666551439760533,0.10195365704062323,0.12916434711741567
35,Grocery_and_Gourmet_Food,sbert,0.005211965503277919,0.011075899639977784,0.0036419718579356886,0.007778600006426842,0.005248759510292365,0.011238435099784665
36,Grocery_and_Gourmet_Food,dae,0.010876732665649272,0.022097609943842335,0.0097931637380406,0.019779879633438583,0.011414192765382466,0.02308221237900885
37,Grocery_and_Gourmet_Food,vae,0.01615582962545928,0.0325803284570335,0.014874927688354831,0.02982441988055537,0.01573367954786922,0.03141960943562206
38,Grocery_and_Gourmet_Food,sae,0.0171033520835129,0.03538511211546155,0.01582459196091273,0.032260237925746955,0.01594753454724967,0.03249096350514878
39,Grocery_and_Gourmet_Food,dsae,0.017008201199995594,0.03475484389640602,0.01630155951748178,0.03304201510540805,0.016149236322194976,0.03297562872777647
40,Health_and_Household,sbert,0.0039577038274851515,0.007864756821959673,0.002222345365436345,0.004881589727399025,0.004107209555788941,0.008277200405628706
41,Health_and_Household,dae,0.008942090371282947,0.01873255493559734,0.006300098727176534,0.013137704504868399,0.008345140824912358,0.016427531278539978
42,Health_and_Household,vae,0.013045168856831211,0.026416721977757813,0.010112680755793989,0.01992134348420777,0.011051733197731945,0.021870462422012696
43,Health_and_Household,sae,0.013177403498526303,0.027631548828439205,0.0124420976579167,0.02399235012244718,0.012072888427633094,0.023260036560850763
44,Health_and_Household,dsae,0.013808361423205233,0.02802660689116482,0.012850154124749893,0.02385948170019646,0.011539245460746908,0.022605689750574292
45,MovieLens20M,sbert,0.017593487102297235,0.025235945963097788,0.013495150957543429,0.02915032901799508,0.010960234954298705,0.02037135934985498
46,MovieLens20M,dae,0.04084634520470341,0.06395370798103135,0.04017240909838351,0.06640896474707675,0.03471987456849476,0.05793340301118125
47,MovieLens20M,vae,0.06126531429863366,0.08984419966285817,0.04802408395657672,0.07450054257783606,0.045349467178620415,0.06946762174032335
48,MovieLens20M,sae,0.05587087685624025,0.08007074737915355,0.06251961238373288,0.0892694597193874,0.04883793484868526,0.07943629215658055
49,MovieLens20M,dsae,0.06186436240516628,0.0930698376762208,0.0695777068927641,0.09585184864984127,0.07368953328975307,0.11178278280517129
50,Office_Products,sbert,0.01928028357341168,0.041879830635958085,0.017632277443541754,0.03755462833281461,0.018656019971208294,0.03981205908289241
51,Office_Products,dae,0.03339166790827683,0.06711988594647908,0.02768102904312263,0.05581760060926727,0.03238351989116518,0.06442066409897292
52,Office_Products,vae,0.04221915184312784,0.08242548403393991,0.036619425471488096,0.07322904662059074,0.03944422152095216,0.07932307740824898
53,Office_Products,sae,0.046887638855942756,0.0891943398377222,0.039024215089962004,0.07805497425595465,0.044387183214077856,0.08856774976566642
54,Office_Products,dsae,0.04687440757783921,0.09024395686466764,0.04163420758136214,0.08319642809532514,0.04559697195274944,0.09035289669480845
55,Sports_and_Outdoors,sbert,0.009249220799541921,0.021314290047229085,0.008186948170831763,0.018088082720703287,0.011330870492516154,0.024390088456853698
56,Sports_and_Outdoors,dae,0.018833645344267437,0.039303460794589094,0.014801567552412517,0.032211472495253204,0.019191155388580863,0.04182297130716147
57,Sports_and_Outdoors,vae,0.02421231904985674,0.05229727630489687,0.018725244000033434,0.04149807883031269,0.022554499500731764,0.04749982960287783
58,Sports_and_Outdoors,sae,0.026941811590258647,0.05733785390291304,0.022050683928234217,0.047458913146470015,0.02334915501016745,0.050655471521031115
59,Sports_and_Outdoors,dsae,0.02732836541601714,0.05775463352237692,0.022404113857467305,0.0482211801905842,0.024111354985852592,0.05187877577550006
60,Toys_and_Games,sbert,0.013594122965818052,0.026685424358390705,0.01034304462735258,0.020257371162263234,0.013151542178453783,0.025207775759351226
61,Toys_and_Games,dae,0.02326866581276809,0.04584419141724814,0.021511462293819575,0.040584757914230496,0.023224921721092102,0.04424091786590609
62,Toys_and_Games,vae,0.029199474838796004,0.05496676786808609,0.02828973000235525,0.05278583497354828,0.028538324207790115,0.054212834226390234
63,Toys_and_Games,sae,0.031893860969509996,0.0601231343209064,0.030893413460861607,0.05702210386707777,0.029880985380240914,0.0569319900174019
64,Toys_and_Games,dsae,0.03255947984354641,0.061061236399845016,0.03141906738526674,0.05809254778204049,0.030508432764295042,0.056904393121302674
65,Video_Games,sbert,0.027162816016873707,0.05343399638342462,0.02340447530168263,0.04551885338521074,0.021728208451827907,0.04666944477957319
66,Video_Games,dae,0.04442843469457675,0.08494578734758633,0.04012628181017948,0.07971877836163757,0.03545527964555245,0.07285642503055388
67,Video_Games,vae,0.046865701014816574,0.09106917002395595,0.04245078323598501,0.08572002008406339,0.03801160128385717,0.07585905394706989
68,Video_Games,sae,0.053098081334654025,0.10259733037333502,0.04686512148128493,0.09078777783918562,0.04180402931653927,0.08320366046095887
69,Video_Games,dsae,0.054170236623892365,0.10181721965304628,0.05273723610029593,0.10142853430334428,0.042561177176656244,0.08393457555918468
